make,model,model_clean
Acura,ADX A-Spec,ADX
Acura,ADX A-Spec Package,ADX
Acura,ILX Base,ILX
Acura,ILX Premium,ILX
Acura,ILX Premium & A-SPEC Packages,ILX
Acura,MDX 3.5L,MDX
Acura,MDX 3.5L w/Technology Package,MDX
Acura,MDX A-SPEC,MDX
Acura,MDX A-SPEC Advance Package,MDX
Acura,MDX Advance,MDX
Acura,MDX Advance Package,MDX
Acura,MDX SH-AWD A-Spec,MDX
Acura,MDX SH-AWD Technology,MDX
Acura,MDX Standard,MDX
Acura,MDX Technology,MDX
Acura,MDX Technology Package,MDX
Acura,MDX Type S Advance Package,MDX
Acura,RDX A-Spec,RDX
Acura,RDX A-Spec Advance Package,RDX
Acura,RDX A-Spec Package,RDX
Acura,RDX AWD,RDX
Acura,RDX AcuraWatch Plus Package,RDX
Acura,RDX AcuraWatch Plus Pkg,RDX
Acura,RDX Advance Package,RDX
Acura,RDX Base,RDX
Acura,RDX TECHNOLOGY,RDX
Acura,RDX Technology Package,RDX
Acura,RLX Technology Package,RDX
Acura,TLX A-Spec,TLX
Acura,TLX FWD,TLX
Acura,TLX PMC Edition,TLX
Acura,TLX SH-AWD A-Spec,TLX
Acura,TLX Technology,TLX
Acura,ZDX A-Spec,ZDX
Alfa,Romeo Giulia Base,Romeo Giulia
Alfa,Romeo Giulia RWD,Romeo Giulia
Alfa,Romeo Giulia Sprint,Romeo Giulia
Alfa,Romeo Giulia Ti,Romeo Giulia
Alfa,Romeo Giulia Ti Lusso,Romeo Giulia
Alfa,Romeo Giulia Veloce,Romeo Giulia
Alfa,Romeo Stelvio Base,Romeo Stelvio
Alfa,Romeo Stelvio Quadrifoglio,Romeo Stelvio
Alfa,Romeo Stelvio Sport,Romeo Stelvio
Alfa,Romeo Stelvio Sprint,Romeo Stelvio
Alfa,Romeo Stelvio Sprint AWD,Romeo Stelvio
Alfa,Romeo Stelvio Ti,Romeo Stelvio
Alfa,Romeo Stelvio Ti Sport,Romeo Stelvio
Alfa,Romeo Stelvio Veloce AWD,Romeo Stelvio
Alfa,Romeo Tonale AWD,Romeo Tonale
Alfa,Romeo Tonale Special Edition Intensa,Romeo Tonale
Alfa,Romeo Tonale Ti EAWD,Romeo Tonale
Audi,A3 2.0T Premium,A3
Audi,A3 2.0T S line Premium Plus,A3
Audi,A3 40 Premium,A3
Audi,A3 Premium,A3
Audi,A3 Premium S-Line,A3
Audi,A4 2.0T Premium,A4
Audi,A4 40 Premium,A4
Audi,A4 45 Premium,A4
Audi,A4 45 S line Premium Plus,A4
Audi,A4 S-Line Premium Plus,A4
Audi,A6 2.0T Premium Plus,A6
Audi,A6 45 Premium Plus,A6
Audi,A6 55 Premium,A6
Audi,A6 55 Premium Plus,A6
Audi,A6 55 Prestige,A6
Audi,A6 Premium Plus,A6
Audi,A6 Premium Plus quattro S tronic,A6
Audi,A6 e-tron Premium Plus,A6
Audi,A8 55,A8
Audi,A8 L,A8
Audi,A8 L 55,A8
Audi,A8 L 60,A8
Audi,Q3 2.0T Premium Plus,Q3
Audi,Q3 2.0T Sport Premium,Q3
Audi,Q3 40 Premium,Q3
Audi,Q3 45 S line Premium,Q3
Audi,Q3 45 S line Premium Plus,Q3
Audi,Q3 Premium,Q3
Audi,Q3 Premium 45 TFSI S line quattro Tiptronic,Q3
Audi,Q3 S line Premium,Q3
Audi,Q3 S-Line Premium Plus,Q3
Audi,Q4 e-tron Premium Plus 50 quattro,Q4
Audi,Q5 2.0T Premium Plus,Q5
Audi,Q5 2.0T Tech Premium,Q5
Audi,Q5 2.0T quattro Premium,Q5
Audi,Q5 40 Premium,Q5
Audi,Q5 45 S line Premium,Q5
Audi,Q5 45 S line Premium Plus,Q5
Audi,Q5 45 S line Prestige,Q5
Audi,Q5 45 S line quattro Premium,Q5
Audi,Q5 Premium,Q5
Audi,Q5 Premium Plus,Q5
Audi,Q5 Premium Plus TFSI quattro S tronic,Q5
Audi,Q5 Premium TFSI quattro S tronic,Q5
Audi,Q5 Prestige 40 TFSI quattro S tronic,Q5
Audi,Q5 Prestige TFSI quattro S tronic,Q5
Audi,Q5 S-Line Premium,Q5
Audi,Q5 S-Line Premium Plus,Q5
Audi,Q5 Sportback Premium,Q5
Audi,Q5 Sportback S-Line Premium,Q5
Audi,Q5 e 55 S line Premium Plus,Q5
Audi,Q5 e 55 S line Prestige,Q5
Audi,Q7 45 Premium,Q7
Audi,Q7 45 Premium Plus,Q7
Audi,Q7 55 Premium,Q7
Audi,Q7 55 Premium Plus,Q7
Audi,Q7 55 Prestige,Q7
Audi,Q7 Premium,Q7
Audi,Q7 Premium Plus,Q7
Audi,Q7 Prestige,Q7
Audi,Q8 55 Premium Plus,Q8
Audi,Q8 55 Prestige,Q8
Audi,Q8 e-tron Premium Plus,Q8
Audi,RS 3 2.5T,RS
Audi,RS 3 TFSI quattro S tronic,RS
Audi,S3 Premium Plus TFSI quattro S tronic,S3
Audi,S3 TFSI quattro S tronic,S3
Audi,S4 3.0T Premium Plus,S4
Audi,S4 Premium Plus TFSI quattro Tiptronic,S4
Audi,S6 4.0T,S6
Audi,SQ5 3.0T Premium,SQ5
Audi,SQ5 3.0T Premium Plus,SQ5
Audi,SQ7 4.0T Premium Plus,SQ7
Audi,SQ8 4.0T Premium Plus,SQ8
Audi,SQ8 4.0T Prestige,SQ8
Audi,e-tron Premium Plus,e-tron
Bentley,Bentayga W12,Bentayga
Bmw,228 Gran Coupe 228,228
Bmw,228 Gran Coupe 228i sDrive Gran Coupe,228
Bmw,228 Gran Coupe 228i xDrive,228
Bmw,228 Gran Coupe I xDrive Gran Coupe,228
Bmw,228 Gran Coupe i xDrive,228
Bmw,228 Gran Coupe xDrive,228
Bmw,320 I,320
Bmw,328 xDrive,328
Bmw,330 330i,330
Bmw,330 330i M Sport,330
Bmw,330 330i Sedan,330
Bmw,330 I,330
Bmw,330 NA,330
Bmw,330 i,330
Bmw,330 i xDrive,330
Bmw,330 xDrive,330
Bmw,330 xDrive NA,330
Bmw,330e Base,330
Bmw,330e iPerformance,330
Bmw,530 530i,530
Bmw,530 I,530
Bmw,530 I xDrive,530
Bmw,530 M Sport & Premium Pkg $62K MSRP,530
Bmw,530 i,530
Bmw,530 i xDrive,530
Bmw,530 xDrive,530
Bmw,530e Base,530
Bmw,540 540i,540
Bmw,540 540i Sedan 4D,540
Bmw,540 i,540
Bmw,540 i xDrive,540
Bmw,540 xDrive,540
Bmw,740 740i,740
Bmw,740 I xDrive,740
Bmw,740 i,740
Bmw,740 xDrive,740
Bmw,745e xDrive,745
Bmw,750 I,750
Bmw,750 i xDrive,750
Bmw,760 760i xDrive,760
Bmw,760 i xDrive,760
Bmw,840 Gran Coupe i,840
Bmw,840 i,840
Bmw,M235 Gran Coupe M235 xDrive,M235
Bmw,M235 Gran Coupe Xdrive,M235
Bmw,M235 Gran Coupe i xDrive,M235
Bmw,M235 Gran Coupe xDrive,M235
Bmw,M3 Base,M3
Bmw,M3 Competition Sedan,M3
Bmw,M3 Sedan,M3
Bmw,M340 M340i,M340
Bmw,M340 NA,M340
Bmw,M340 i,M340
Bmw,M340 i xDrive,M340
Bmw,M340 xDrive,M340
Bmw,M550 I xDrive,M550
Bmw,M550 i Xdrive,M550
Bmw,M760 xDrive,M760
Bmw,X1 M35i,X1
Bmw,X1 SDrive28i,X1
Bmw,X1 XDrive28i,X1
Bmw,X1 sDrive28i,X1
Bmw,X1 xDrive28i,X1
Bmw,X2 M35i,X2
Bmw,X2 XDrive28i,X2
Bmw,X2 sDrive28i,X2
Bmw,X2 xDrive28i,X2
Bmw,X3 30 xDrive,X3
Bmw,X3 M40i,X3
Bmw,X3 M50 xDrive,X3
Bmw,X3 PHEV xDrive30e,X3
Bmw,X3 SDrive28i,X3
Bmw,X3 XDRIVE30I,X3
Bmw,X3 XDrive28i,X3
Bmw,X3 XDrive30i,X3
Bmw,X3 sDrive28i,X3
Bmw,X3 sDrive30i,X3
Bmw,X3 xDrive30i,X3
Bmw,X4 M40i,X4
Bmw,X4 XDrive30i,X4
Bmw,X4 xDrive28i,X4
Bmw,X4 xDrive30i,X4
Bmw,X5 M50i,X5
Bmw,X5 M60i,X5
Bmw,X5 PHEV XDrive45e,X5
Bmw,X5 PHEV xDrive45e,X5
Bmw,X5 PHEV xDrive50e,X5
Bmw,X5 sDrive40i,X5
Bmw,X5 xDrive35i,X5
Bmw,X5 xDrive40i,X5
Bmw,X5 xDrive50i,X5
Bmw,X6 M,X6
Bmw,X6 M Base,X6
Bmw,X6 M50i,X6
Bmw,X6 XDrive50i,X6
Bmw,X6 xDrive40i,X6
Bmw,X7 XDRIVE40I,X7
Bmw,X7 xDrive40i,X7
Bmw,i5 M60,i5
Bmw,i5 eDrive40,i5
Bmw,i5 xDrive40,i5
Bmw,iX M60,iX
Bmw,iX xDrive50,iX
Buick,Enclave AWD Avenir,Enclave
Buick,Enclave Avenir,Enclave
Buick,Enclave Avenir AWD,Enclave
Buick,Enclave Avenir FWD,Enclave
Buick,Enclave Essence,Enclave
Buick,Enclave Essence FWD,Enclave
Buick,Enclave FWD Essence,Enclave
Buick,Enclave FWD Premium,Enclave
Buick,Enclave Preferred,Enclave
Buick,Enclave Premium,Enclave
Buick,Enclave Premium AWD,Enclave
Buick,Enclave Premium FWD,Enclave
Buick,Enclave Sport Touring,Enclave
Buick,Encore Base,Encore
Buick,Encore Essence,Encore
Buick,Encore GX Avenir,Encore
Buick,Encore GX Essence,Encore
Buick,Encore GX Preferred,Encore
Buick,Encore GX Select,Encore
Buick,Encore GX Sport Touring,Encore
Buick,Encore Preferred,Encore
Buick,Encore Premium,Encore
Buick,Encore Sport Touring,Encore
Buick,Envision AWD Essence,Envision
Buick,Envision Avenir,Envision
Buick,Envision Avenir AWD,Envision
Buick,Envision Avenir FWD,Envision
Buick,Envision Essence,Envision
Buick,Envision Essence AWD,Envision
Buick,Envision Essence FWD,Envision
Buick,Envision FWD Essence,Envision
Buick,Envision FWD Preferred,Envision
Buick,Envision PREFERRED,Envision
Buick,Envision Preferred,Envision
Buick,Envision Preferred AWD,Envision
Buick,Envision Sport Touring,Envision
Buick,Envision Sport Touring AWD,Envision
Buick,Envista Avenir,Envista
Buick,Envista Avenir FWD,Envista
Buick,Envista Preferred FWD,Envista
Buick,Envista Sport Touring FWD,Envista
Buick,Verano Sport Touring Group,Verano
Cadillac,ATS,ATS
Cadillac,ATS 3.6L Premium Luxury,ATS
Cadillac,CT4 Luxury,CT4
Cadillac,CT4 Premium Luxury,CT4
Cadillac,CT4 Premium Luxury RWD,CT4
Cadillac,CT4 Sport RWD,CT4
Cadillac,CT4-V Blackwing,CT4
Cadillac,CT4-V V-Series,CT4
Cadillac,CT4-V V-Series Blackwing,CT4
Cadillac,CT4-V V-Series RWD,CT4
Cadillac,CT5 Premium Luxury,CT5
Cadillac,CT5 Premium Luxury AWD,CT5
Cadillac,CT5 Premium Luxury RWD,CT5
Cadillac,CT5 Sport,CT5
Cadillac,CT5 V-Series,CT5
Cadillac,CT5-V,CT5
Cadillac,CT6 3.6L Luxury,CT6
Cadillac,CT6 Premium Luxury,CT6
Cadillac,CTS 2.0L Turbo,CTS
Cadillac,CTS 2.0L Turbo Luxury,CTS
Cadillac,Escalade ESV Platinum,Escalade
Cadillac,Escalade ESV Premium Luxury,Escalade
Cadillac,Escalade ESV Premium Luxury Platinum,Escalade
Cadillac,Escalade ESV Sport,Escalade
Cadillac,Escalade Premium Luxury,Escalade
Cadillac,Escalade Premium Luxury Platinum,Escalade
Cadillac,Escalade Sport,Escalade
Cadillac,Escalade Sport Platinum,Escalade
Cadillac,LYRIQ Luxury,LYRIQ
Cadillac,LYRIQ Sport,LYRIQ
Cadillac,OPTIQ Luxury,OPTIQ
Cadillac,OPTIQ Luxury 1 AWD,OPTIQ
Cadillac,OPTIQ Premium Luxury,OPTIQ
Cadillac,OPTIQ Sport,OPTIQ
Cadillac,OPTIQ Sport 1 AWD,OPTIQ
Cadillac,XT4 Premium Luxury,XT4
Cadillac,XT4 Sport,XT4
Cadillac,XT5,XT5
Cadillac,XT5 Luxury,XT5
Cadillac,XT5 Premium Luxury,XT5
Cadillac,XT5 Sport,XT5
Cadillac,XT6 Luxury AWD,XT6
Cadillac,XT6 Luxury FWD,XT6
Cadillac,XT6 Premium Luxury,XT6
Cadillac,XT6 Premium Luxury AWD,XT6
Cadillac,XT6 Premium Luxury FWD,XT6
Cadillac,XT6 SPORT,XT6
Cadillac,XT6 Sport,XT6
Cadillac,XT6 Sport AWD,XT6
Cadillac,XTS Luxury,XTS
Chevrolet,Blazer 2LT,Blazer
Chevrolet,Blazer 3LT,Blazer
Chevrolet,Blazer EV AWD LT,Blazer
Chevrolet,Blazer EV AWD RS,Blazer
Chevrolet,Blazer EV LT,Blazer
Chevrolet,Blazer EV RS,Blazer
Chevrolet,Blazer EV SS,Blazer
Chevrolet,Blazer EV eAWD LT,Blazer
Chevrolet,Blazer EV eAWD RS,Blazer
Chevrolet,Blazer LT,Blazer
Chevrolet,Blazer Premier,Blazer
Chevrolet,Blazer RS,Blazer
Chevrolet,Bolt EUV FWD LT,Bolt
Chevrolet,Bolt EUV FWD Premier,Bolt
Chevrolet,Bolt EUV LT,Bolt
Chevrolet,Bolt EUV Premier,Bolt
Chevrolet,Cruze LS,Cruze
Chevrolet,Cruze LT,Cruze
Chevrolet,Cruze Limited 1LT,Cruze
Chevrolet,Equinox 1LT,Equinox
Chevrolet,Equinox 2LT,Equinox
Chevrolet,Equinox ACTIV,Equinox
Chevrolet,Equinox AWD ACTIV,Equinox
Chevrolet,Equinox AWD RS,Equinox
Chevrolet,Equinox EV LT,Equinox
Chevrolet,Equinox EV LT 1,Equinox
Chevrolet,Equinox EV LT 2,Equinox
Chevrolet,Equinox EV RS,Equinox
Chevrolet,Equinox FWD ACTIV,Equinox
Chevrolet,Equinox FWD RS,Equinox
Chevrolet,Equinox LS,Equinox
Chevrolet,Equinox LT,Equinox
Chevrolet,Equinox LT W/2FL,Equinox
Chevrolet,Equinox Premier,Equinox
Chevrolet,Equinox Premier w/1LZ,Equinox
Chevrolet,Equinox Premier w/2LZ,Equinox
Chevrolet,Equinox RS,Equinox
Chevrolet,Impala 1LT,Impala
Chevrolet,Malibu 1LS,Malibu
Chevrolet,Malibu 1LT,Malibu
Chevrolet,Malibu 2LT,Malibu
Chevrolet,Malibu FWD 1LT,Malibu
Chevrolet,Malibu FWD 2LT,Malibu
Chevrolet,Malibu FWD LT,Malibu
Chevrolet,Malibu FWD RS,Malibu
Chevrolet,Malibu LS,Malibu
Chevrolet,Malibu LT,Malibu
Chevrolet,Malibu LT W/1LT,Malibu
Chevrolet,Malibu LT W/2LT,Malibu
Chevrolet,Malibu Premier,Malibu
Chevrolet,Malibu RS,Malibu
Chevrolet,Sonic LT,Sonic
Chevrolet,Sonic Premier,Sonic
Chevrolet,Suburban 4WD High Country,Suburban
Chevrolet,Suburban 4WD Z71,Suburban
Chevrolet,Suburban High Country,Suburban
Chevrolet,Suburban LS,Suburban
Chevrolet,Suburban LT,Suburban
Chevrolet,Suburban Premier,Suburban
Chevrolet,Suburban RST,Suburban
Chevrolet,Tahoe 2WD RST,Tahoe
Chevrolet,Tahoe 4WD 4dr Z71,Tahoe
Chevrolet,Tahoe 4WD High Country,Tahoe
Chevrolet,Tahoe 4WD RST,Tahoe
Chevrolet,Tahoe 4WD Z71,Tahoe
Chevrolet,Tahoe High Country,Tahoe
Chevrolet,Tahoe LS,Tahoe
Chevrolet,Tahoe LT,Tahoe
Chevrolet,Tahoe Premier,Tahoe
Chevrolet,Tahoe RST,Tahoe
Chevrolet,Tahoe Z71,Tahoe
Chevrolet,Trailblazer ACTIV,Trailblazer
Chevrolet,Trailblazer Activ,Trailblazer
Chevrolet,Trailblazer LS,Trailblazer
Chevrolet,Trailblazer LT,Trailblazer
Chevrolet,Trailblazer RS,Trailblazer
Chevrolet,Traverse AWD Z71,Traverse
Chevrolet,Traverse High Country,Traverse
Chevrolet,Traverse LS,Traverse
Chevrolet,Traverse LT,Traverse
Chevrolet,Traverse LT Cloth,Traverse
Chevrolet,Traverse LT Leather,Traverse
Chevrolet,Traverse Limited LT CLOTH,Traverse
Chevrolet,Traverse Premier,Traverse
Chevrolet,Traverse RS,Traverse
Chevrolet,Traverse Z71,Traverse
Chevrolet,Trax 1RS,Trax
Chevrolet,Trax 2RS,Trax
Chevrolet,Trax ACTIV,Trax
Chevrolet,Trax Activ,Trax
Chevrolet,Trax FWD 1RS,Trax
Chevrolet,Trax FWD 2RS,Trax
Chevrolet,Trax FWD ACTIV,Trax
Chevrolet,Trax LS,Trax
Chevrolet,Trax LT,Trax
Chevrolet,Trax LTZ,Trax
Chrysler,200 LX,200
Chrysler,200 Limited,200
Chrysler,300 LIMITED,300
Chrysler,300 Limited,300
Chrysler,300 S,300
Chrysler,300 Touring,300
Dodge,Charger GT,Charger
Dodge,Charger R/T,Charger
Dodge,Charger R/T Scat Pack,Charger
Dodge,Charger SRT Hellcat,Charger
Dodge,Charger SRT Hellcat Widebody Jailbreak,Charger
Dodge,Charger SXT,Charger
Dodge,Charger Scat Pack,Charger
Dodge,Durango GT,Durango
Dodge,Durango GT AWD,Durango
Dodge,Durango GT HEMI V8,Durango
Dodge,Durango GT HEMI V8 AWD,Durango
Dodge,Durango GT Plus,Durango
Dodge,Durango GT RWD,Durango
Dodge,Durango Orange Sport AWD,Durango
Dodge,Durango R/T,Durango
Dodge,Durango R/T AWD,Durango
Dodge,Durango R/T Plus,Durango
Dodge,Durango R/T Plus AWD,Durango
Dodge,Durango R/T Plus RWD,Durango
Dodge,Durango R/T RWD,Durango
Dodge,Durango SRT 392 AWD,Durango
Dodge,Durango SXT,Durango
Dodge,Durango SXT Launch Edition RWD,Durango
Dodge,Durango SXT RWD,Durango
Dodge,Hornet GT,Hornet
Dodge,Hornet GT AWD,Hornet
Dodge,Hornet GT Plus,Hornet
Dodge,Hornet GT Plus AWD,Hornet
Dodge,Hornet R/T,Hornet
Dodge,Hornet R/T Plus EAWD,Hornet
Dodge,Journey Crossroad,Journey
Dodge,Journey SE Value,Journey
Fiat,500X Pop,500X
Fiat,500X Sport,500X
Fiat,500X Urbana Edition,500X
Fisker,Ocean Extreme,Ocean
Ford,Bronco BADLANDS,Bronco
Ford,Bronco BLACK DIAMOND,Bronco
Ford,Bronco Badlands,Bronco
Ford,Bronco Badlands Advanced,Bronco
Ford,Bronco Base,Bronco
Ford,Bronco Big Bend,Bronco
Ford,Bronco Black Diamond,Bronco
Ford,Bronco First Edition,Bronco
Ford,Bronco Heritage Edition,Bronco
Ford,Bronco Lifted Outer Banks High Package V6 4x4,Bronco
Ford,Bronco OUTER BANKS,Bronco
Ford,Bronco Outer Banks,Bronco
Ford,Bronco Outer Banks Advanced,Bronco
Ford,Bronco RAPTOR,Bronco
Ford,Bronco Raptor,Bronco
Ford,Bronco Sport BADLANDS,Bronco
Ford,Bronco Sport BIG BEND,Bronco
Ford,Bronco Sport Badlands,Bronco
Ford,Bronco Sport Big Bend,Bronco
Ford,Bronco Sport HERITAGE,Bronco
Ford,Bronco Sport Heritage,Bronco
Ford,Bronco Sport OUTER BANKS,Bronco
Ford,Bronco Sport Outer Banks,Bronco
Ford,Bronco Wildtrak,Bronco
Ford,EcoSport S,EcoSport
Ford,EcoSport SE,EcoSport
Ford,EcoSport SES,EcoSport
Ford,EcoSport TITANIUM,EcoSport
Ford,EcoSport Titanium,EcoSport
Ford,Edge SE,Edge
Ford,Edge SEL,Edge
Ford,Edge ST,Edge
Ford,Edge ST LINE,Edge
Ford,Edge ST Line,Edge
Ford,Edge ST-Line,Edge
Ford,Edge TITANIUM,Edge
Ford,Edge Titanium,Edge
Ford,Escape ACTIVE,Escape
Ford,Escape Active,Escape
Ford,Escape PHEV,Escape
Ford,Escape PHEV Base,Escape
Ford,Escape PHEV SE,Escape
Ford,Escape Platinum,Escape
Ford,Escape S,Escape
Ford,Escape SE,Escape
Ford,Escape SEL,Escape
Ford,Escape ST-LINE,Escape
Ford,Escape ST-Line,Escape
Ford,Escape ST-Line Elite,Escape
Ford,Escape ST-Line Select,Escape
Ford,Escape Titanium,Escape
Ford,Expedition Active,Expedition
Ford,Expedition King Ranch,Expedition
Ford,Expedition LIMITED,Expedition
Ford,Expedition Limited,Expedition
Ford,Expedition Max Active 4x2,Expedition
Ford,Expedition Max Active 4x4,Expedition
Ford,Expedition Max Limited,Expedition
Ford,Expedition Max Platinum,Expedition
Ford,Expedition Max XLT,Expedition
Ford,Expedition PLATINUM,Expedition
Ford,Expedition Platinum,Expedition
Ford,Expedition Timberline,Expedition
Ford,Expedition XLT,Expedition
Ford,Explorer,Explorer
Ford,Explorer Active,Explorer
Ford,Explorer Limited,Explorer
Ford,Explorer PLATINUM,Explorer
Ford,Explorer Platinum,Explorer
Ford,Explorer ST,Explorer
Ford,Explorer ST-Line,Explorer
Ford,Explorer Sport,Explorer
Ford,Explorer Timberline,Explorer
Ford,Explorer Tremor,Explorer
Ford,Explorer XLT,Explorer
Ford,Fiesta SE,Fiesta
Ford,Flex Limited,Flex
Ford,Flex SEL,Flex
Ford,Focus SE,Focus
Ford,Focus SEL,Focus
Ford,Fusion Energi SE Luxury,Fusion
Ford,Fusion Hybrid S,Fusion
Ford,Fusion Hybrid SE,Fusion
Ford,Fusion S,Fusion
Ford,Fusion SE,Fusion
Ford,Fusion SEL,Fusion
Ford,Fusion Sport,Fusion
Ford,Mustang Mach-E GT,Mustang
Ford,Mustang Mach-E Premium,Mustang
Ford,Mustang Mach-E SELECT,Mustang
Ford,Mustang Mach-E Select,Mustang
Genesis,Electrified G80 Advanced,G80
Genesis,Electrified GV70 Advanced,G70
Genesis,G70,G70
Genesis,G70 2.0T,G70
Genesis,G70 2.0T AWD,G70
Genesis,G70 2.0T RWD,G70
Genesis,G70 2.5T,G70
Genesis,G70 2.5T AWD,G70
Genesis,G70 2.5T AWD Prestige,G70
Genesis,G70 2.5T RWD,G70
Genesis,G70 3.3T,G70
Genesis,G70 3.3T RWD,G70
Genesis,G70 3.3T RWD Sport Advanced,G70
Genesis,G70 3.3T Sport Advanced,G70
Genesis,G70 Advanced,G70
Genesis,G70 Elite,G70
Genesis,G70 PRESTIGE,G70
Genesis,G80,G80
Genesis,G80 2.5T,G80
Genesis,G80 2.5T AWD,G80
Genesis,G80 2.5T Advanced,G80
Genesis,G80 2.5T Advanced AWD,G80
Genesis,G80 2.5T Sport Prestige,G80
Genesis,G80 2.5T Sport Prestige AWD,G80
Genesis,G80 3.3T Sport,G80
Genesis,G80 3.5T Sport AWD,G80
Genesis,GV60 Advanced,GV60
Genesis,GV60 Performance,GV60
Genesis,GV60 Standard,GV60
Genesis,GV70 2.5T,GV70
Genesis,GV70 2.5T AWD,GV70
Genesis,GV70 2.5T Advanced,GV70
Genesis,GV70 2.5T Select,GV70
Genesis,GV70 2.5T Sport Prestige,GV70
Genesis,GV70 3.5T AWD Sport,GV70
Genesis,GV70 3.5T Sport Prestige,GV70
Genesis,GV80,GV80
Genesis,GV80 2.5T,GV80
Genesis,GV80 3.5T,GV80
Genesis,GV80 3.5T Prestige,GV80
Gmc,Acadia AT4,Acadia
Gmc,Acadia AT4 AWD,Acadia
Gmc,Acadia AWD AT4,Acadia
Gmc,Acadia AWD SLE,Acadia
Gmc,Acadia AWD SLT,Acadia
Gmc,Acadia Denali,Acadia
Gmc,Acadia Elevation,Acadia
Gmc,Acadia Elevation AWD,Acadia
Gmc,Acadia Elevation FWD,Acadia
Gmc,Acadia FWD Elevation,Acadia
Gmc,Acadia FWD SLE,Acadia
Gmc,Acadia FWD SLT,Acadia
Gmc,Acadia SLE,Acadia
Gmc,Acadia SLE-1,Acadia
Gmc,Acadia SLE-2,Acadia
Gmc,Acadia SLT,Acadia
Gmc,Acadia SLT-1,Acadia
Gmc,HUMMER EV SUV 2X,Hummer
Gmc,HUMMER EV SUV 3X,Hummer
Gmc,Terrain AT4,Terrain
Gmc,Terrain AWD AT4,Terrain
Gmc,Terrain AWD Elevation,Terrain
Gmc,Terrain Denali,Terrain
Gmc,Terrain Elevation,Terrain
Gmc,Terrain FWD Elevation,Terrain
Gmc,Terrain SLE,Terrain
Gmc,Terrain SLT,Terrain
Gmc,Yukon 4WD AT4,Yukon
Gmc,Yukon AT4,Yukon
Gmc,Yukon Denali,Yukon
Gmc,Yukon Elevation,Yukon
Gmc,Yukon SLE,Yukon
Gmc,Yukon SLT,Yukon
Gmc,Yukon XL 4WD Elevation,Yukon
Gmc,Yukon XL AT4,Yukon
Gmc,Yukon XL Denali,Yukon
Gmc,Yukon XL Denali Ultimate,Yukon
Gmc,Yukon XL SLT,Yukon
Honda,Accord EX,Accord
Honda,Accord EX 1.5T,Accord
Honda,Accord EX-L,Accord
Honda,Accord EX-L 1.5T,Accord
Honda,Accord Hybrid Base,Accord
Honda,Accord Hybrid EX-L,Accord
Honda,Accord Hybrid Sport,Accord
Honda,Accord Hybrid Sport-L,Accord
Honda,Accord Hybrid Touring,Accord
Honda,Accord LX,Accord
Honda,Accord LX 1.5T,Accord
Honda,Accord SE,Accord
Honda,Accord Sport,Accord
Honda,Accord Sport 1.5T,Accord
Honda,Accord Sport SE,Accord
Honda,Accord Sport SE 1.5T,Accord
Honda,Accord Touring 2.0T,Accord
Honda,CR-V 2WD EX,CR-V
Honda,CR-V 2WD EX-L,CR-V
Honda,CR-V 2WD Special Edition,CR-V
Honda,CR-V 2WD Touring,CR-V
Honda,CR-V AWD EX,CR-V
Honda,CR-V AWD EX-L,CR-V
Honda,CR-V EX,CR-V
Honda,CR-V EX 2WD,CR-V
Honda,CR-V EX AWD,CR-V
Honda,CR-V EX-L,CR-V
Honda,CR-V EX-L 2WD,CR-V
Honda,CR-V EX-L AWD,CR-V
Honda,CR-V Hybrid EX-L,CR-V
Honda,CR-V Hybrid Sport,CR-V
Honda,CR-V Hybrid Sport AWD,CR-V
Honda,CR-V Hybrid Sport FWD,CR-V
Honda,CR-V Hybrid Sport Touring,CR-V
Honda,CR-V Hybrid Sport Touring AWD,CR-V
Honda,CR-V Hybrid Sport-L,CR-V
Honda,CR-V Hybrid Sport-L AWD,CR-V
Honda,CR-V Hybrid Sport-L FWD,CR-V
Honda,CR-V Hybrid Touring,CR-V
Honda,CR-V Hybrid TrailSport AWD,CR-V
Honda,CR-V LX,CR-V
Honda,CR-V LX 2WD,CR-V
Honda,CR-V LX AWD,CR-V
Honda,CR-V Touring,CR-V
Honda,Civic EX,Civic
Honda,Civic Hybrid,Civic
Honda,Civic Hybrid Sport,Civic
Honda,Civic Hybrid Sport Touring,Civic
Honda,Civic Hybrid TOURING,Civic
Honda,Civic LX,Civic
Honda,Civic SI,Civic
Honda,Civic SPORT,Civic
Honda,Civic Si Base,Civic
Honda,Civic Sport,Civic
Honda,Civic Touring,Civic
Honda,Clarity Plug-In Hybrid Base,Clarity
Honda,Clarity Plug-In Hybrid Touring,Clarity
Honda,HR-V 2WD Sport,HR-V
Honda,HR-V AWD Sport,HR-V
Honda,HR-V EX,HR-V
Honda,HR-V EX-L,HR-V
Honda,HR-V EX-L w/Navigation,HR-V
Honda,HR-V LX,HR-V
Honda,HR-V Sport,HR-V
Honda,Insight EX,Insight
Honda,Insight Touring,Insight
Honda,Passport 2WD EX-L,Passport
Honda,Passport AWD EX-L,Passport
Honda,Passport AWD Elite,Passport
Honda,Passport AWD Sport,Passport
Honda,Passport AWD TrailSport,Passport
Honda,Passport AWD TrailSport Blackout,Passport
Honda,Passport AWD TrailSport Elite,Passport
Honda,Passport EX-L,Passport
Honda,Passport Elite,Passport
Honda,Passport RTL,Passport
Honda,Passport Sport,Passport
Honda,Passport TRAILSPORT,Passport
Honda,Passport Touring,Passport
Honda,Passport TrailSport,Passport
Honda,Passport TrailSport Elite Blackout,Passport
Honda,Passport Trailsport,Passport
Honda,Pilot 2WD EX-L,Pilot
Honda,Pilot 2WD Special Edition,Pilot
Honda,Pilot AWD Black Edition,Pilot
Honda,Pilot AWD EX-L,Pilot
Honda,Pilot AWD Elite,Pilot
Honda,Pilot AWD LX,Pilot
Honda,Pilot AWD Special Edition,Pilot
Honda,Pilot AWD Sport,Pilot
Honda,Pilot AWD TrailSport,Pilot
Honda,Pilot Black Edition,Pilot
Honda,Pilot EX,Pilot
Honda,Pilot EX-L,Pilot
Honda,Pilot EX-L 8-Passenger,Pilot
Honda,Pilot Elite,Pilot
Honda,Pilot SPORT,Pilot
Honda,Pilot Special Edition,Pilot
Honda,Pilot Sport,Pilot
Honda,Pilot TOURING 7-PASSENGER,Pilot
Honda,Pilot Touring,Pilot
Honda,Pilot Touring 7-Passenger,Pilot
Honda,Pilot Touring 8-Passenger,Pilot
Honda,Pilot TrailSport,Pilot
Honda,Prologue EX,Prologue
Honda,Prologue Elite,Prologue
Honda,Prologue Touring,Prologue
Hyundai,Accent SE,Accent
Hyundai,Accent SEL,Accent
Hyundai,ELANTRA ECO,Elantra
Hyundai,ELANTRA HEV Blue,Elantra
Hyundai,ELANTRA HEV Limited,Elantra
Hyundai,ELANTRA HEV SEL Sport,Elantra
Hyundai,ELANTRA LIMITED,Elantra
Hyundai,ELANTRA Limited,Elantra
Hyundai,ELANTRA N Base,Elantra
Hyundai,ELANTRA N Line,Elantra
Hyundai,ELANTRA SE,Elantra
Hyundai,ELANTRA SEL,Elantra
Hyundai,ELANTRA SEL Convenience,Elantra
Hyundai,ELANTRA SEL SPORT PREMIUM,Elantra
Hyundai,ELANTRA SEL Sport,Elantra
Hyundai,ELANTRA Sport,Elantra
Hyundai,ELANTRA Value Edition,Elantra
Hyundai,IONIQ 5 Limited,Ioniq
Hyundai,IONIQ 5 N Base,Ioniq
Hyundai,IONIQ 5 SE,Ioniq
Hyundai,IONIQ 5 SEL,Ioniq
Hyundai,IONIQ 6 Limited,Ioniq
Hyundai,IONIQ 6 SE,Ioniq
Hyundai,IONIQ 6 SEL,Ioniq
Hyundai,IONIQ 9 Performance Calligraphy,Ioniq
Hyundai,IONIQ 9 Performance Limited,Ioniq
Hyundai,IONIQ 9 S,Ioniq
Hyundai,IONIQ 9 SE,Ioniq
Hyundai,IONIQ 9 SEL,Ioniq
Hyundai,KONA EV N Line,Kona
Hyundai,KONA EV SE,Kona
Hyundai,KONA Limited,Kona
Hyundai,KONA N Line,Kona
Hyundai,KONA SE,Kona
Hyundai,KONA SEL,Kona
Hyundai,KONA SEL Plus,Kona
Hyundai,KONA SEL Premium,Kona
Hyundai,KONA SEL Sport,Kona
Hyundai,PALISADE Calligraphy,Palisade
Hyundai,PALISADE Limited,Palisade
Hyundai,PALISADE SE,Palisade
Hyundai,PALISADE SEL,Palisade
Hyundai,PALISADE SEL PREMIUM 8P,Palisade
Hyundai,PALISADE SEL Premium,Palisade
Hyundai,PALISADE SEL Premium 7P,Palisade
Hyundai,PALISADE SEL Premium 8P,Palisade
Hyundai,PALISADE XRT,Palisade
Hyundai,PALISADE XRT Pro,Palisade
Hyundai,Palisade Hybrid Blue SEL Premium 7P,Palisade
Hyundai,Palisade Hybrid Blue SEL Premium 8P,Palisade
Hyundai,Palisade Hybrid Calligraphy,Palisade
Hyundai,Palisade Hybrid Limited,Palisade
Hyundai,SANTA FE 2.0T Ultimate,Santa Fe
Hyundai,SANTA FE 2.4 SEL,Santa Fe
Hyundai,SANTA FE Calligraphy,Santa Fe
Hyundai,SANTA FE HEV Blue,Santa Fe
Hyundai,SANTA FE HEV Calligraphy,Santa Fe
Hyundai,SANTA FE HEV Limited,Santa Fe
Hyundai,SANTA FE HEV SE,Santa Fe
Hyundai,SANTA FE HEV SEL,Santa Fe
Hyundai,SANTA FE Limited,Santa Fe
Hyundai,SANTA FE Limited 2.0T,Santa Fe
Hyundai,SANTA FE SE,Santa Fe
Hyundai,SANTA FE SEL,Santa Fe
Hyundai,SANTA FE SEL 2.4,Santa Fe
Hyundai,SANTA FE XRT,Santa Fe
Hyundai,SONATA Blue,Sonata
Hyundai,SONATA ECO,Sonata
Hyundai,SONATA Hybrid Base,Sonata
Hyundai,SONATA Hybrid Blue,Sonata
Hyundai,SONATA Hybrid Limited,Sonata
Hyundai,SONATA Hybrid SE,Sonata
Hyundai,SONATA Hybrid SEL,Sonata
Hyundai,SONATA LIMITED,Sonata
Hyundai,SONATA Limited,Sonata
Hyundai,SONATA N Line,Sonata
Hyundai,SONATA SE,Sonata
Hyundai,SONATA SEL,Sonata
Hyundai,SONATA SEL Plus,Sonata
Hyundai,SONATA SEL Sport,Sonata
Hyundai,SONATA Sport,Sonata
Hyundai,Santa Fe Plug-In Hybrid Limited,Santa Fe
Hyundai,Santa Fe Sport Ultimate,Santa Fe
Hyundai,TUCSON Hybrid Blue,Tucson
Hyundai,TUCSON Hybrid Blue SE,Tucson
Hyundai,TUCSON Hybrid Limited,Tucson
Hyundai,TUCSON Hybrid N Line,Tucson
Hyundai,TUCSON Hybrid SEL,Tucson
Hyundai,TUCSON Hybrid SEL Convenience,Tucson
Hyundai,TUCSON Limited,Tucson
Hyundai,TUCSON N Line,Tucson
Hyundai,TUCSON Plug-In Hybrid Limited,Tucson
Hyundai,TUCSON Plug-In Hybrid SEL,Tucson
Hyundai,TUCSON SE,Tucson
Hyundai,TUCSON SEL,Tucson
Hyundai,TUCSON SEL Convenience,Tucson
Hyundai,TUCSON SEL Premium,Tucson
Hyundai,TUCSON Sport,Tucson
Hyundai,TUCSON Ultimate,Tucson
Hyundai,TUCSON Value,Tucson
Hyundai,TUCSON XRT,Tucson
Hyundai,VENUE LIMITED,Venue
Hyundai,VENUE Limited,Venue
Hyundai,VENUE SE,Venue
Hyundai,VENUE SEL,Venue
Hyundai,VENUE SEL w/Two-Tone Roof,Venue
Ineos,Grenadier AWD,Grenadier
Ineos,Grenadier Fieldmaster,Grenadier
Ineos,Grenadier Trialmaster,Grenadier
Infiniti,Q50 3.0t LUXE,Q50
Infiniti,Q50 3.0t PURE,Q50
Infiniti,Q50 3.0t RED SPORT 400,Q50
Infiniti,Q50 LUXE,Q50
Infiniti,Q50 Sensory,Q50
Infiniti,Q70L 3.7X,Q70
Infiniti,QX30 Sport,QX30
Infiniti,QX50 AUTOGRAPH,QX50
Infiniti,QX50 AUTOGRAPH AWD,QX50
Infiniti,QX50 ESSENTIAL,QX50
Infiniti,QX50 Essential,QX50
Infiniti,QX50 LUXE,QX50
Infiniti,QX50 LUXE AWD,QX50
Infiniti,QX50 Luxe,QX50
Infiniti,QX50 Pure,QX50
Infiniti,QX50 SENSORY,QX50
Infiniti,QX50 SENSORY AWD,QX50
Infiniti,QX50 SPORT,QX50
Infiniti,QX50 Sport,QX50
Infiniti,QX50 Sport AWD,QX50
Infiniti,QX55 ESSENTIAL,QX55
Infiniti,QX55 LUXE,QX55
Infiniti,QX55 SENSORY,QX55
Infiniti,QX60 AUTOGRAPH,QX60
Infiniti,QX60 Autograph,QX60
Infiniti,QX60 Luxe,QX60
Infiniti,QX60 Pure,QX60
Infiniti,QX60 SENSORY,QX60
Infiniti,QX60 SPORT,QX60
Infiniti,QX60 Sensory,QX60
Infiniti,QX80 Base,QX80
Infiniti,QX80 Luxe,QX80
Infiniti,QX80 SENSORY,QX80
Jaguar,E-PACE S,E-Pace
Jaguar,F-PACE R-Dynamic S,F-Pace
Jaguar,F-PACE R-Dynamic S P400 AWD Automatic,F-Pace
Jaguar,F-PACE S,F-Pace
Jaguar,F-PACE S P250 AWD Automatic,F-Pace
Jaguar,F-PACE S P340 AWD Automatic,F-Pace
Jaguar,XE 20d Prestige,XE
Jaguar,XE 25t Prestige,XE
Jaguar,XE Prestige,XE
Jaguar,XE S AWD Automatic,XE
Jaguar,XF 25t Premium,XF
Jaguar,XF 35t Prestige,XF
Jaguar,XF 35t R-Sport,XF
Jaguar,XJ XJL Portfolio,XJ
Jeep,Cherokee Altitude,Cherokee
Jeep,Cherokee Altitude Lux,Cherokee
Jeep,Cherokee Latitude,Cherokee
Jeep,Cherokee Latitude Lux,Cherokee
Jeep,Cherokee Latitude Plus,Cherokee
Jeep,Cherokee Limited,Cherokee
Jeep,Cherokee Trailhawk,Cherokee
Jeep,Cherokee Trailhawk Elite,Cherokee
Jeep,Cherokee X 4x4,Cherokee
Jeep,Compass (RED) Edition 4x4,Compass
Jeep,Compass Altitude,Compass
Jeep,Compass High Altitude,Compass
Jeep,Compass LATITUDE LUX,Compass
Jeep,Compass Latitude,Compass
Jeep,Compass Latitude Lux,Compass
Jeep,Compass Limited,Compass
Jeep,Compass Sport,Compass
Jeep,Compass TRAILHAWK,Compass
Jeep,Compass Trailhawk,Compass
Jeep,Grand Cherokee 4xe,Grand Cherokee
Jeep,Grand Cherokee 4xe Base,Grand Cherokee
Jeep,Grand Cherokee 4xe Overland,Grand Cherokee
Jeep,Grand Cherokee 4xe Summit,Grand Cherokee
Jeep,Grand Cherokee 4xe Summit Reserve,Grand Cherokee
Jeep,Grand Cherokee 4xe Trailhawk,Grand Cherokee
Jeep,Grand Cherokee Altitude,Grand Cherokee
Jeep,Grand Cherokee High Altitude,Grand Cherokee
Jeep,Grand Cherokee L Altitude,Grand Cherokee
Jeep,Grand Cherokee L Laredo,Grand Cherokee
Jeep,Grand Cherokee L Limited,Grand Cherokee
Jeep,Grand Cherokee L Overland,Grand Cherokee
Jeep,Grand Cherokee L Summit,Grand Cherokee
Jeep,Grand Cherokee L Summit Reserve,Grand Cherokee
Jeep,Grand Cherokee LAREDO,Grand Cherokee
Jeep,Grand Cherokee LIMITED,Grand Cherokee
Jeep,Grand Cherokee Laredo,Grand Cherokee
Jeep,Grand Cherokee Laredo E,Grand Cherokee
Jeep,Grand Cherokee Laredo X,Grand Cherokee
Jeep,Grand Cherokee Limited,Grand Cherokee
Jeep,Grand Cherokee Limited X,Grand Cherokee
Jeep,Grand Cherokee Overland,Grand Cherokee
Jeep,Grand Cherokee SUMMIT,Grand Cherokee
Jeep,Grand Cherokee Summit,Grand Cherokee
Jeep,Grand Cherokee Summit Reserve,Grand Cherokee
Jeep,Grand Cherokee WK Laredo,Grand Cherokee
Jeep,Grand Cherokee WK Limited,Grand Cherokee
Jeep,Grand Wagoneer L 4x4,Grand Wagoneer
Jeep,Grand Wagoneer L Series II,Grand Wagoneer
Jeep,Grand Wagoneer L Series III 4x4,Grand Wagoneer
Jeep,Grand Wagoneer Limited Altitude 4x4,Grand Wagoneer
Jeep,Grand Wagoneer Series I 4x4,Grand Wagoneer
Jeep,Grand Wagoneer Series II,Grand Wagoneer
Jeep,Grand Wagoneer Series II 4x4,Grand Wagoneer
Jeep,Grand Wagoneer Series II Obsidian 4x4,Grand Wagoneer
Jeep,Grand Wagoneer Series III,Grand Wagoneer
Jeep,Grand Wagoneer Series III 4x4,Grand Wagoneer
Jeep,Patriot Latitude,Patriot Latitude
Jeep,Renegade (RED) Edition 4x4,Renegade
Jeep,Renegade Altitude,Renegade
Jeep,Renegade Latitude,Renegade
Jeep,Renegade Limited,Renegade
Jeep,Renegade Sport,Renegade
Jeep,Renegade Trailhawk,Renegade
Jeep,Renegade Upland,Renegade
Jeep,Wagoneer 4x4,Wagoneer
Jeep,Wagoneer Base,Wagoneer
Jeep,Wagoneer L Base,Wagoneer
Jeep,Wagoneer L Series I 4x4,Wagoneer
Jeep,Wagoneer L Series II,Wagoneer
Jeep,Wagoneer L Series II 4x2,Wagoneer
Jeep,Wagoneer L Series II 4x4,Wagoneer
Jeep,Wagoneer L Series II Carbide 4x4,Wagoneer
Jeep,Wagoneer L Series III,Wagoneer
Jeep,Wagoneer L Series III 4x4,Wagoneer
Jeep,Wagoneer S Launch Edition,Wagoneer
Jeep,Wagoneer S Limited,Wagoneer
Jeep,Wagoneer SERIES III,Wagoneer
Jeep,Wagoneer Series I,Wagoneer
Jeep,Wagoneer Series I 4x4,Wagoneer
Jeep,Wagoneer Series II,Wagoneer
Jeep,Wagoneer Series II 4x2,Wagoneer
Jeep,Wagoneer Series II 4x4,Wagoneer
Jeep,Wagoneer Series II Limited 4x4,Wagoneer
Jeep,Wagoneer Series II Overland 4x4,Wagoneer
Jeep,Wagoneer Series III,Wagoneer
Jeep,Wagoneer Series III 4x2,Wagoneer
Jeep,Wagoneer Series III 4x4,Wagoneer
Jeep,Wrangler 4-Door Freedom 4x4,Wrangler
Jeep,Wrangler 4-Door High Tide 4x4,Wrangler
Jeep,Wrangler 4-Door Sahara 4x4,Wrangler
Jeep,Wrangler 4-Door Sahara Altitude 4x4,Wrangler
Jeep,Wrangler 4xe Base,Wrangler
Jeep,Wrangler 4xe High Altitude,Wrangler
Jeep,Wrangler 4xe Rubicon,Wrangler
Jeep,Wrangler 4xe Rubicon X,Wrangler
Jeep,Wrangler 4xe Sahara,Wrangler
Jeep,Wrangler 4xe Sport,Wrangler
Jeep,Wrangler 4xe Sport S,Wrangler
Jeep,Wrangler 4xe Unlimited Sahara,Wrangler
Jeep,Wrangler 4xe Willys,Wrangler
Jeep,Wrangler All-New Unlimited Sahara,Wrangler
Jeep,Wrangler JK Sport,Wrangler
Jeep,Wrangler JK Unlimited Altitude,Wrangler
Jeep,Wrangler JK Unlimited Golden Eagle,Wrangler
Jeep,Wrangler JK Unlimited Rubicon,Wrangler
Jeep,Wrangler JK Unlimited Sport,Wrangler
Jeep,Wrangler JK Willys Wheeler W,Wrangler
Jeep,Wrangler RUBICON,Wrangler
Jeep,Wrangler Rubicon,Wrangler
Jeep,Wrangler Rubicon 392 Final Edition,Wrangler
Jeep,Wrangler Sahara,Wrangler
Jeep,Wrangler Sport,Wrangler
Jeep,Wrangler Sport S,Wrangler
Jeep,Wrangler Unlimited 4xe Rubicon,Wrangler
Jeep,Wrangler Unlimited 4xe Sahara,Wrangler
Jeep,Wrangler Unlimited 4xe Sahara High Altitude,Wrangler
Jeep,Wrangler Unlimited 4xe Unlimited Rubicon,Wrangler
Jeep,Wrangler Unlimited 4xe Unlimited Sahara,Wrangler
Jeep,Wrangler Unlimited Backcountry,Wrangler
Jeep,Wrangler Unlimited Islander 4x4,Wrangler
Jeep,Wrangler Unlimited Rubicon,Wrangler
Jeep,Wrangler Unlimited Rubicon 392,Wrangler
Jeep,Wrangler Unlimited SAHARA,Wrangler
Jeep,Wrangler Unlimited Sahara,Wrangler
Jeep,Wrangler Unlimited Sahara High Altitude,Wrangler
Jeep,Wrangler Unlimited Sport,Wrangler
Jeep,Wrangler Unlimited Sport Altitude,Wrangler
Jeep,Wrangler Unlimited Willys,Wrangler
Jeep,Wrangler Unlimited Willys 4X4,Wrangler
Jeep,Wrangler Willys,Wrangler
Jeep,Wrangler Willys Wheeler,Wrangler
Kia,Cadenza Premium,Cadenza
Kia,EV6 GT-Line,EV6
Kia,EV6 GT-Line AWD First Edition,EV6
Kia,EV6 Light,EV6
Kia,EV6 Light Long Range,EV6
Kia,EV6 Wind,EV6
Kia,EV9 GT-Line,EV9
Kia,EV9 Land,EV9
Kia,EV9 Light Long Range,EV9
Kia,EV9 Wind,EV9
Kia,Forte FE,Forte
Kia,Forte GT,Forte
Kia,Forte GT-Line,Forte
Kia,Forte LX,Forte
Kia,Forte LXS,Forte
Kia,Forte S,Forte
Kia,K4 BLIND DETECTION CROSS TRAFFIC MONITOR,K4
Kia,K4 EX,K4
Kia,K4 GT-LINE,K4
Kia,K4 GT-Line,K4
Kia,K4 GT-Line Turbo,K4
Kia,K4 LXS,K4
Kia,K5 EX,K5
Kia,K5 GT,K5
Kia,K5 GT-Line,K5
Kia,K5 GT-Line AWD,K5
Kia,K5 GT-Line FWD,K5
Kia,K5 LXS,K5
Kia,K5 LXS FWD,K5
Kia,K900 Luxury,K900
Kia,Niro EV EX,Niro
Kia,Niro EV EX Premium,Niro
Kia,Niro EV Wave,Niro
Kia,Niro EV Wind,Niro
Kia,Niro EX,Niro
Kia,Niro EX Premium,Niro
Kia,Niro EX Touring,Niro
Kia,Niro LX,Niro
Kia,Niro Plug-In Hybrid EX,Niro
Kia,Niro SX,Niro
Kia,Niro Touring,Niro
Kia,Niro Touring SE,Niro
Kia,Optima EX,Optima
Kia,Optima Hybrid EX,Optima
Kia,Optima LX,Optima
Kia,Optima S,Optima
Kia,Rio LX,Rio
Kia,Rio S,Rio
Kia,Seltos,Seltos
Kia,Seltos EX,Seltos
Kia,Seltos LX,Seltos
Kia,Seltos S,Seltos
Kia,Seltos SX,Seltos
Kia,Seltos SX Turbo,Seltos
Kia,Sorento EX,Sorento
Kia,Sorento Hybrid EX,Sorento
Kia,Sorento Hybrid SX Prestige,Sorento
Kia,Sorento Hybrid X-LINE SX PRESTIGE,Sorento
Kia,Sorento L,Sorento
Kia,Sorento LX,Sorento
Kia,Sorento Plug-In Hybrid EX,Sorento
Kia,Sorento Plug-In Hybrid SX Prestige,Sorento
Kia,Sorento S,Sorento
Kia,Sorento SX,Sorento
Kia,Sorento SX Prestige,Sorento
Kia,Sorento X-Line EX,Sorento
Kia,Sorento X-Line SX,Sorento
Kia,Sorento X-Line SX Prestige,Sorento
Kia,Sportage EX,Sportage
Kia,Sportage Hybrid EX,Sportage
Kia,Sportage Hybrid LX,Sportage
Kia,Sportage Hybrid SX-Prestige,Sportage
Kia,Sportage Hybrid X-Line,Sportage
Kia,Sportage LX,Sportage
Kia,Sportage Nightfall,Sportage
Kia,Sportage Plug-In Hybrid X-Line Prestige,Sportage
Kia,Sportage S,Sportage
Kia,Sportage SX,Sportage
Kia,Sportage SX Turbo,Sportage
Kia,Sportage SX-Prestige,Sportage
Kia,Sportage X-Line,Sportage
Kia,Sportage X-Pro Prestige,Sportage
Kia,Stinger GT Stinger,Stinger
Kia,Stinger GT1,Stinger
Kia,Stinger GT2,Stinger
Kia,Telluride EX,Telluride
Kia,Telluride EX X-Line,Telluride
Kia,Telluride EX X-Pro,Telluride
Kia,Telluride LX,Telluride
Kia,Telluride S,Telluride
Kia,Telluride SX,Telluride
Kia,Telluride SX Prestige X-Line,Telluride
Kia,Telluride SX Prestige X-Pro,Telluride
Kia,Telluride SX X-Line,Telluride
Kia,Telluride SX-Prestige X-Line,Telluride
Kia,Telluride X-Line EX,Telluride
Land,Rover Defender 110 P300,Rover Defender
Land,Rover Defender 110 S,Rover Defender
Land,Rover Defender 110 SE,Rover Defender
Land,Rover Defender 110 X,Rover Defender
Land,Rover Defender 110 X-Dynamic SE,Rover Defender
Land,Rover Defender 130 X-Dynamic SE,Rover Defender
Land,Rover Defender 90 X-Dynamic SE,Rover Defender
Land,Rover Defender P400 S,Rover Defender
Land,Rover Discovery P300 Dynamic SE,Rover Discovery
Land,Rover Discovery P300 S,Rover Discovery
Land,Rover Discovery P360 Dynamic SE,Rover Discovery
Land,Rover Discovery P360 HSE R-Dynamic,Rover Discovery
Land,Rover Discovery P360 Metropolitan Edition,Rover Discovery
Land,Rover Discovery SE,Rover Discovery
Land,Rover Discovery Sport Core S,Rover Discovery
Land,Rover Discovery Sport Dynamic SE,Rover Discovery
Land,Rover Discovery Sport HSE,Rover Discovery
Land,Rover Discovery Sport S,Rover Discovery
Land,Rover Discovery Sport SE,Rover Discovery
Land,Rover Discovery Sport SE AWD 4dr SUV,Rover Discovery
Land,Rover Discovery Sport Standard,Rover Discovery
Land,Rover Range Rover 5.0L Supercharged,Rover Range Rover
Land,Rover Range Rover 5.0L Supercharged Autobiography,Rover Range Rover
Land,Rover Range Rover 5.0L V8 Supercharged,Rover Range Rover
Land,Rover Range Rover Evoque Core S,Rover Range Rover
Land,Rover Range Rover Evoque Dynamic SE,Rover Range Rover
Land,Rover Range Rover Evoque First Edition,Rover Range Rover
Land,Rover Range Rover Evoque HSE Dynamic,Rover Range Rover
Land,Rover Range Rover Evoque R-Dynamic S,Rover Range Rover
Land,Rover Range Rover Evoque R-Dynamic SE,Rover Range Rover
Land,Rover Range Rover Evoque SE,Rover Range Rover
Land,Rover Range Rover Evoque SE Premium,Rover Range Rover
Land,Rover Range Rover HSE Westminster,Rover Range Rover
Land,Rover Range Rover Sport 3.0L Turbocharged Diesel HSE Td6,Rover Range Rover
Land,Rover Range Rover Sport HSE,Rover Range Rover
Land,Rover Range Rover Sport HSE Dynamic,Rover Range Rover
Land,Rover Range Rover Sport HSE Silver Edition,Rover Range Rover
Land,Rover Range Rover Sport HST MHEV,Rover Range Rover
Land,Rover Range Rover Sport SE,Rover Range Rover
Land,Rover Range Rover Sport Supercharged,Rover Range Rover
Land,Rover Range Rover Velar D180 S,Rover Range Rover
Land,Rover Range Rover Velar P250 Dynamic SE,Rover Range Rover
Land,Rover Range Rover Velar P250 S,Rover Range Rover
Land,Rover Range Rover Velar P250 SE R-Dynamic,Rover Range Rover
Land,Rover Range Rover Velar P340 S,Rover Range Rover
Land,Rover Range Rover Westminster,Rover Range Rover
Lexus,ES 250 Base,ES
Lexus,ES 300h,ES
Lexus,ES 350,ES
Lexus,ES 350 350,ES
Lexus,ES 350 Base,ES
Lexus,ES 350 Base (A6),ES
Lexus,ES 350 F Sport,ES
Lexus,ES 350 F-Sport,ES
Lexus,ES 350 Luxury,ES
Lexus,ES 350 Premium,ES
Lexus,ES 350 Ultra Luxury,ES
Lexus,GX 460 Luxury,GX
Lexus,GX 460 Premium,GX
Lexus,IS 300,IS
Lexus,IS 300 Base,IS
Lexus,IS 350 Base,IS
Lexus,IS 350 F SPORT Design,IS
Lexus,IS 350 F Sport,IS
Lexus,IS 350 F-Sport,IS
Lexus,IS 500 F SPORT Performance,IS
Lexus,LS 500 Base,LS
Lexus,LS 500 F Sport,LS
Lexus,NX 200t,NX
Lexus,NX 200t Base,NX
Lexus,NX 200t F Sport,NX
Lexus,NX 250 Premium,NX
Lexus,NX 300,NX
Lexus,NX 300 Base,NX
Lexus,NX 300h 300H,NX
Lexus,NX 300h Base,NX
Lexus,NX 350 F SPORT Handling,NX
Lexus,NX 350 Luxury,NX
Lexus,NX 350 Premium,NX
Lexus,NX 350h Luxury,NX
Lexus,NX 350h Premium,NX
Lexus,NX 450h+ NX 450h  PREMIUM AWD,NX
Lexus,NX 450h+ Premium AWD,NX
Lexus,RX 350 350,RX
Lexus,RX 350 Base,RX
Lexus,RX 350 F SPORT Handling,RX
Lexus,RX 350 F-Sport,RX
Lexus,RX 350 Luxury,RX
Lexus,RX 350 Premium,RX
Lexus,RX 350 Premium Plus,RX
Lexus,RX 350 RX 350,RX
Lexus,RX 350L Base,RX
Lexus,RX 350L Premium,RX
Lexus,RX 350h Premium,RX
Lexus,RX 450h Base,RX
Lexus,RX 450h F Sport,RX
Lexus,RX 450h L,RX
Lexus,RX 500h F SPORT PERFORMANCE,RX
Lexus,RX 500h F SPORT Performance,RX
Lexus,RZ 300e Premium,RZ
Lexus,TX 350 350,TX
Lexus,TX 350 Base,TX
Lexus,TX 350 LUXURY,TX
Lexus,TX 350 Luxury,TX
Lexus,TX 350 Premium,TX
Lexus,UX 250h Base,UX
Lexus,UX 250h Premium,UX
Lexus,UX 300h 300H,UX
Lexus,UX 300h Premium,UX
Lincoln,Aviator Reserve,Aviator Reserve
Lincoln,Aviator Reserve AWD,Aviator Reserve
Lincoln,Aviator Reserve RWD,Aviator Reserve
Lincoln,Aviator Standard AWD,Aviator Reserve
Lincoln,Corsair Premiere,Corsair
Lincoln,Corsair Reserve,Corsair
Lincoln,Corsair Standard,Corsair
Lincoln,MKC Premiere,MKC
Lincoln,MKC Reserve,MKC
Lincoln,MKC Select,MKC
Lincoln,MKX Premiere,MKX
Lincoln,MKZ Hybrid Reserve I,MKZ
Lincoln,MKZ Reserve,MKZ
Lincoln,MKZ Reserve II,MKZ
Lincoln,Nautilus Black Label,Nautilus
Lincoln,Nautilus Premiere,Nautilus
Lincoln,Nautilus Reserve,Nautilus
Lincoln,Nautilus Standard,Nautilus
Lincoln,Navigator Black Label,Navigator
Lincoln,Navigator L Black Label,Navigator
Lincoln,Navigator L Reserve,Navigator
Lincoln,Navigator Premiere,Navigator
Lincoln,Navigator Reserve,Navigator
Lincoln,Navigator Select,Navigator
Lincoln,Navigator Standard L,Navigator
Maserati,Ghibli Modena Q4,Ghibli
Maserati,Ghibli Modena Ultima Q4,Ghibli
Maserati,Ghibli S Q4,Ghibli
Maserati,Ghibli S Q4 GranSport,Ghibli
Maserati,Ghibli Trofeo,Ghibli
Maserati,Grecale Base,Grecale
Maserati,Grecale GT,Grecale
Maserati,Grecale Modena,Grecale
Maserati,Levante Base,Levante
Maserati,Levante GT Ultima,Levante
Maserati,Levante GTS,Levante
Maserati,Levante Modena,Levante
Maserati,Levante S GranSport,Levante
Maserati,Quattroporte S,Quattroporte
Mazda,CX-3 Sport,CX-3
Mazda,CX-3 Touring,CX-3
Mazda,CX-30 2.5 S,CX-30
Mazda,CX-30 2.5 S Aire Edition,CX-30
Mazda,CX-30 2.5 S Carbon Edition,CX-30
Mazda,CX-30 2.5 S Preferred Package,CX-30
Mazda,CX-30 2.5 S Premium Package,CX-30
Mazda,CX-30 2.5 S Select Package,CX-30
Mazda,CX-30 2.5 S Select Sport,CX-30
Mazda,CX-30 2.5 Turbo,CX-30
Mazda,CX-30 2.5 Turbo Premium Package,CX-30
Mazda,CX-30 2.5 Turbo Premium Plus Package,CX-30
Mazda,CX-30 AE,CX-30
Mazda,CX-30 Carbon Edition,CX-30
Mazda,CX-30 Preferred,CX-30
Mazda,CX-30 Premium,CX-30
Mazda,CX-30 Premium Package,CX-30
Mazda,CX-30 S,CX-30
Mazda,CX-30 SELECT,CX-30
Mazda,CX-30 Select,CX-30
Mazda,CX-30 Turbo Premium,CX-30
Mazda,CX-5 2.5 S,CX-5
Mazda,CX-5 2.5 S Carbon Edition,CX-5
Mazda,CX-5 2.5 S Preferred Package,CX-5
Mazda,CX-5 2.5 S Premium,CX-5
Mazda,CX-5 2.5 S Premium Plus Package,CX-5
Mazda,CX-5 2.5 S Select Package,CX-5
Mazda,CX-5 2.5 Turbo Premium,CX-5
Mazda,CX-5 2.5 Turbo Signature,CX-5
Mazda,CX-5 2016.5 Grand Touring,CX-5
Mazda,CX-5 Carbon Edition,CX-5
Mazda,CX-5 Grand Touring,CX-5
Mazda,CX-5 Touring,CX-5
Mazda,CX-50,CX-50
Mazda,CX-50 2.5 S Preferred Package,CX-50
Mazda,CX-50 2.5 S Preferred Plus Package,CX-50
Mazda,CX-50 2.5 S Premium Package,CX-50
Mazda,CX-50 2.5 S Premium Plus Package,CX-50
Mazda,CX-50 2.5 S Select Package,CX-50
Mazda,CX-50 2.5 Turbo,CX-50
Mazda,CX-50 2.5 Turbo Meridian Edition,CX-50
Mazda,CX-50 2.5 Turbo Premium Package,CX-50
Mazda,CX-50 Hybrid Preferred,CX-50
Mazda,CX-50 Hybrid Preferred Package,CX-50
Mazda,CX-50 Hybrid Premium,CX-50
Mazda,CX-50 Hybrid Premium Package,CX-50
Mazda,CX-50 Hybrid Premium Plus,CX-50
Mazda,CX-50 Hybrid Premium Plus Package,CX-50
Mazda,CX-50 Preferred,CX-50
Mazda,CX-50 Premium,CX-50
Mazda,CX-50 Premium Plus,CX-50
Mazda,CX-50 Turbo Premium Plus,CX-50
Mazda,CX-70 3.3 Turbo Preferred,CX-70
Mazda,CX-70 3.3 Turbo Preferred Package,CX-70
Mazda,CX-70 3.3 Turbo Premium Plus,CX-70
Mazda,CX-70 3.3 Turbo S Premium,CX-70
Mazda,CX-70 CX-70,CX-70
Mazda,CX-70 PHEV Premium Plus Package,CX-70
Mazda,CX-70 SCP,CX-70
Mazda,CX-9 Carbon Edition,CX-9
Mazda,CX-9 Grand Touring,CX-9
Mazda,CX-9 Signature,CX-9
Mazda,CX-9 Touring,CX-9
Mazda,CX-9 Touring Plus,CX-9
Mazda,CX-90 3.3 Turbo Preferred,CX-90
Mazda,CX-90 3.3 Turbo Preferred Package,CX-90
Mazda,CX-90 3.3 Turbo Preferred Plus,CX-90
Mazda,CX-90 3.3 Turbo Premium,CX-90
Mazda,CX-90 3.3 Turbo Premium Plus,CX-90
Mazda,CX-90 3.3 Turbo Premium Sport,CX-90
Mazda,CX-90 3.3 Turbo S,CX-90
Mazda,CX-90 3.3 Turbo S Premium Plus,CX-90
Mazda,CX-90 PHEV Preferred,CX-90
Mazda,CX-90 PHEV Premium,CX-90
Mazda,CX-90 PHEV Premium Plus,CX-90
Mazda,CX-90 PHEV Premium Sport,CX-90
Mazda,CX-90 Preferred Plus,CX-90
Mazda,CX-90 Premium,CX-90
Mazda,CX-90 Premium Plus,CX-90
Mazda,CX-90 S Premium,CX-90
Mazda,CX-90 SE,CX-90
Mazda,CX-90 Turbo Preferred Plus,CX-90
Mazda,CX-90 Turbo S Premium Plus,CX-90
Mazda,Mazda3 2.5 S Preferred Package,Mazda3
Mazda,Mazda3 2.5 S Select Sport,Mazda3
Mazda,Mazda3 2.5 Turbo AWD,Mazda3
Mazda,Mazda3 AWD,Mazda3
Mazda,Mazda3 CE T,Mazda3
Mazda,Mazda3 FWD w/Preferred Package,Mazda3
Mazda,Mazda3 FWD w/Select Package,Mazda3
Mazda,Mazda3 Touring,Mazda3
Mazda,Mazda6 Grand Touring,Mazda6
Mazda,Mazda6 Grand Touring Reserve,Mazda6
Mazda,Mazda6 Touring,Mazda6
Mercedes-Benz,A-Class 4MATIC,A-Class
Mercedes-Benz,AMG C 43 4MATIC,AMG
Mercedes-Benz,AMG CLA 45 AMG CLA 45 4MATIC,AMG
Mercedes-Benz,AMG CLS 53 4MATIC,AMG
Mercedes-Benz,AMG E 53 4MATIC,AMG
Mercedes-Benz,AMG E 63 S 4MATIC,AMG
Mercedes-Benz,AMG EQS 4MATIC+,AMG
Mercedes-Benz,AMG GLA 35 4MATIC,AMG
Mercedes-Benz,AMG GLC 43 4MATIC,AMG
Mercedes-Benz,AMG GLC 43 4MATIC Coupe,AMG
Mercedes-Benz,AMG GLE 53 4MATIC,AMG
Mercedes-Benz,AMG GLE 53 4MATIC+,AMG
Mercedes-Benz,AMG S 63 4MATIC,AMG
Mercedes-Benz,C-Class C 300,C-Class
Mercedes-Benz,C-Class C 300 4MATIC,C-Class
Mercedes-Benz,C-Class C 300 Sedan 4D,C-Class
Mercedes-Benz,C-Class Sedan,C-Class
Mercedes-Benz,CLA 250 4MATIC,CLA
Mercedes-Benz,CLA 250 Base,CLA
Mercedes-Benz,E-Class,E-Class
Mercedes-Benz,E-Class E 300,E-Class
Mercedes-Benz,E-Class E 350,E-Class
Mercedes-Benz,E-Class E 350 4MATIC,E-Class
Mercedes-Benz,E-Class E 450 4MATIC,E-Class
Mercedes-Benz,EQB 250,EQB
Mercedes-Benz,EQB 250 Base,EQB
Mercedes-Benz,EQB 300 4MATIC,EQB
Mercedes-Benz,EQE 350 4MATIC,EQE
Mercedes-Benz,EQE 350+ Base,EQE
Mercedes-Benz,EQS 450 4MATIC,EQS
Mercedes-Benz,EQS 450+ Base,EQS
Mercedes-Benz,GL-Class GL 450,GL-Class
Mercedes-Benz,GLA 250,GLA
Mercedes-Benz,GLA 250 4MATIC,GLA
Mercedes-Benz,GLA 250 Base,GLA
Mercedes-Benz,GLA 250 Base 4MATIC,GLA
Mercedes-Benz,GLB 250,GLB
Mercedes-Benz,GLB 250 4MATIC,GLB
Mercedes-Benz,GLB 250 Base,GLB
Mercedes-Benz,GLB 250 GLB 250,GLB
Mercedes-Benz,GLC 300,GLC
Mercedes-Benz,GLC 300 4MATIC,GLC
Mercedes-Benz,GLC 300 Base,GLC
Mercedes-Benz,GLC 300 Base 4MATIC,GLC
Mercedes-Benz,GLC 300 GLC 300,GLC
Mercedes-Benz,GLC 350e Base,GLC
Mercedes-Benz,GLE 350,GLE
Mercedes-Benz,GLE 350 4MATIC,GLE
Mercedes-Benz,GLE 350 BASE 4MATIC,GLE
Mercedes-Benz,GLE 350 Base,GLE
Mercedes-Benz,GLE 350 Base 4MATI,GLE
Mercedes-Benz,GLE 350 Base 4MATIC,GLE
Mercedes-Benz,GLE 350 GLE 350,GLE
Mercedes-Benz,GLE 400 Base 4MATIC,GLE
Mercedes-Benz,GLE 450 4MATIC,GLE
Mercedes-Benz,GLE 450 GLE 450,GLE
Mercedes-Benz,GLE 450 Plug-In Hybrid 4MATIC,GLE
Mercedes-Benz,GLE 450 Plug-In Hybrid Base 4MATIC,GLE
Mercedes-Benz,GLE 450e 4MATIC,GLE
Mercedes-Benz,GLE-Class GLE 350,GLE
Mercedes-Benz,GLS 450 4MATIC,GLS
Mercedes-Benz,GLS 450 GLS 450,GLS
Mercedes-Benz,GLS 580 4MATIC,GLS
Mercedes-Benz,S-Class 4MATIC,S-Class
Mercedes-Benz,S-Class Designo AMG Line $136 MSRP,S-Class
Mercedes-Benz,S-Class S 450 4MATIC,S-Class
Mercedes-Benz,S-Class S 500 4MATIC,S-Class
Mercedes-Benz,S-Class S 580 4MATIC,S-Class
Mini,Countryman Cooper S,Countryman
Mini,Countryman Cooper S ALL4,Countryman
Mini,Countryman John Cooper Works,Countryman
Mini,Countryman John Cooper Works ALL4,Countryman
Mini,Countryman S,Countryman
Mini,Countryman S ALL4,Countryman
Mini,Countryman Signature Plus,Countryman
Mini,E Countryman Cooper S ALL4,Countryman
Mini,SE Countryman Cooper,Countryman
Mitsubishi,Eclipse Cross ES,Eclipse
Mitsubishi,Eclipse Cross LE,Eclipse
Mitsubishi,Eclipse Cross SE,Eclipse
Mitsubishi,Eclipse Cross SEL,Eclipse
Mitsubishi,Lancer ES,Lancer
Mitsubishi,Mirage G4 Black Edition,Mirage
Mitsubishi,Mirage G4 Carbonite Edition,Mirage
Mitsubishi,Mirage G4 ES,Mirage
Mitsubishi,Mirage G4 LE,Mirage
Mitsubishi,Mirage G4 SE,Mirage
Mitsubishi,Outlander ES,Outlander
Mitsubishi,Outlander PHEV,Outlander
Mitsubishi,Outlander PHEV ES S-AWC,Outlander
Mitsubishi,Outlander PHEV SE S-AWC,Outlander
Mitsubishi,Outlander PHEV SEL,Outlander
Mitsubishi,Outlander PLATINUM EDITION 2.5 S-AWC,Outlander
Mitsubishi,Outlander SE,Outlander
Mitsubishi,Outlander SE 2.5 2WD,Outlander
Mitsubishi,Outlander SE 2.5 S-AWC,Outlander
Mitsubishi,Outlander SE Black Edition,Outlander
Mitsubishi,Outlander SE Black Edition S-AWC,Outlander
Mitsubishi,Outlander SE Black Edition w/Pano Roof S-AWC,Outlander
Mitsubishi,Outlander SEL,Outlander
Mitsubishi,Outlander SEL 2.5 2WD,Outlander
Mitsubishi,Outlander Sport 2.0 ES,Outlander
Mitsubishi,Outlander Sport 2.0 SE,Outlander
Mitsubishi,Outlander Sport 2.0 TRAIL EDITION,Outlander
Mitsubishi,Outlander Sport ES,Outlander
Mitsubishi,Outlander Sport S,Outlander
Mitsubishi,Outlander Sport SE,Outlander
Nissan,ARIYA ENGAGE+,Ariya
Nissan,Altima 2.0 SR,Altima
Nissan,Altima 2.5 S,Altima
Nissan,Altima 2.5 SL,Altima
Nissan,Altima 2.5 SR,Altima
Nissan,Altima 2.5 SV,Altima
Nissan,Altima S,Altima
Nissan,Altima S FWD,Altima
Nissan,Altima SL,Altima
Nissan,Altima SR,Altima
Nissan,Altima SR AWD,Altima
Nissan,Altima SR FWD,Altima
Nissan,Altima SR Intelligent AWD,Altima
Nissan,Altima SR VC-Turbo FWD,Altima
Nissan,Altima SV,Altima
Nissan,Altima SV AWD,Altima
Nissan,Altima SV FWD,Altima
Nissan,Armada PRO-4X,Armada
Nissan,Armada PRO-4X 4WD,Armada
Nissan,Armada Platinum,Armada
Nissan,Armada Platinum 2WD,Armada
Nissan,Armada Platinum 4WD,Armada
Nissan,Armada S,Armada
Nissan,Armada SL,Armada
Nissan,Armada SL 2WD,Armada
Nissan,Armada SL 4WD,Armada
Nissan,Armada SV,Armada
Nissan,Armada SV 4WD,Armada
Nissan,Kicks Play S,Kicks
Nissan,Kicks S,Kicks
Nissan,Kicks SR,Kicks
Nissan,Kicks SV,Kicks
Nissan,Leaf PLATINUM+,Leaf
Nissan,Leaf S+,Leaf
Nissan,Leaf SV+,Leaf
Nissan,Maxima 3.5 Platinum,Maxima
Nissan,Maxima 3.5 SL,Maxima
Nissan,Maxima 3.5 SV,Maxima
Nissan,Maxima Platinum,Maxima
Nissan,Maxima SR,Maxima
Nissan,Maxima SR Xtronic CVT,Maxima
Nissan,Maxima SV Xtronic CVT,Maxima
Nissan,Murano Platinum,Murano
Nissan,Murano Platinum FWD,Murano
Nissan,Murano S,Murano
Nissan,Murano SL,Murano
Nissan,Murano SL FWD,Murano
Nissan,Murano SL Intelligent AWD,Murano
Nissan,Murano SV,Murano
Nissan,Murano SV FWD,Murano
Nissan,Murano SV Intelligent AWD,Murano
Nissan,Pathfinder Platinum,Pathfinder
Nissan,Pathfinder Platinum 2WD,Pathfinder
Nissan,Pathfinder Platinum 4WD,Pathfinder
Nissan,Pathfinder Platinum FWD,Pathfinder
Nissan,Pathfinder Rock Creek,Pathfinder
Nissan,Pathfinder Rock Creek 4WD,Pathfinder
Nissan,Pathfinder S,Pathfinder
Nissan,Pathfinder S 2WD,Pathfinder
Nissan,Pathfinder S 4WD,Pathfinder
Nissan,Pathfinder S FWD,Pathfinder
Nissan,Pathfinder SL,Pathfinder
Nissan,Pathfinder SL 2WD,Pathfinder
Nissan,Pathfinder SL 4WD,Pathfinder
Nissan,Pathfinder SL FWD,Pathfinder
Nissan,Pathfinder SV,Pathfinder
Nissan,Pathfinder SV 2WD,Pathfinder
Nissan,Pathfinder SV 4WD,Pathfinder
Nissan,Pathfinder SV FWD,Pathfinder
Nissan,Rogue Automatic CVT,Rogue
Nissan,Rogue DA,Rogue
Nissan,Rogue Dark Armor,Rogue
Nissan,Rogue Platinum,Rogue
Nissan,Rogue Rock Creek,Rogue
Nissan,Rogue S,Rogue
Nissan,Rogue SL,Rogue
Nissan,Rogue SV,Rogue
Nissan,Rogue Sport S,Rogue
Nissan,Rogue Sport SL,Rogue
Nissan,Rogue Sport SV,Rogue
Nissan,Sentra S,Sentra
Nissan,Sentra SL,Sentra
Nissan,Sentra SR,Sentra
Nissan,Sentra SV,Sentra
Nissan,Versa 1.6 S,Versa
Nissan,Versa 1.6 SR,Versa
Nissan,Versa 1.6 SV,Versa
Nissan,Versa S,Versa
Nissan,Versa SV,Versa
Polestar,"3 Long range Dual motor - Plus,Pilot",Polestar
Porsche,Cayenne Base,Cayenne
Porsche,Cayenne Cayenne,Cayenne
Porsche,Cayenne Platinum Edition,Cayenne
Porsche,Cayenne S,Cayenne
Porsche,Cayenne S Coupe AWD,Cayenne
Porsche,Cayenne Turbo,Cayenne
Porsche,Macan,Macan
Porsche,Macan Base,Macan
Porsche,Macan Base (PDK),Macan
Porsche,Macan Macan,Macan
Porsche,Macan Premium Pkg $63K MSRP,Macan
Porsche,Macan S,Macan
Porsche,Macan S AWD 4dr SUV,Macan
Porsche,Macan T,Macan
Porsche,Taycan 4S,Taycan
Rivian,R1S Adventure,R1S
Rivian,R1S Adventure Quad Motor Large Pack,R1S
Subaru,Ascent Bronze Edition 7-Passenger,Ascent
Subaru,Ascent Limited,Ascent
Subaru,Ascent Limited 7-Passenger,Ascent
Subaru,Ascent Limited 8-Passenger,Ascent
Subaru,Ascent Limited Bronze Edition,Ascent
Subaru,Ascent Onyx Edition,Ascent
Subaru,Ascent Onyx Edition 7-Passenger,Ascent
Subaru,Ascent Onyx Edition Touring,Ascent
Subaru,Ascent Onyx Edition Touring 7-Passenger,Ascent
Subaru,Ascent Premium,Ascent
Subaru,Ascent Premium 7-Passenger,Ascent
Subaru,Ascent Premium 8-Passenger,Ascent
Subaru,Ascent Touring,Ascent
Subaru,Ascent Touring 7-Passenger,Ascent
Subaru,Crosstrek 2.0i Limited,Crosstrek
Subaru,Crosstrek 2.0i Premium,Crosstrek
Subaru,Crosstrek Base,Crosstrek
Subaru,Crosstrek Hybrid Base,Crosstrek
Subaru,Crosstrek Limited,Crosstrek
Subaru,Crosstrek Premium,Crosstrek
Subaru,Crosstrek Sport,Crosstrek
Subaru,Crosstrek Wilderness,Crosstrek
Subaru,Forester 2.5I,Forester
Subaru,Forester 2.5i,Forester
Subaru,Forester 2.5i Limited,Forester
Subaru,Forester 2.5i Premium,Forester
Subaru,Forester Base,Forester
Subaru,Forester Base (CVT),Forester
Subaru,Forester Hybrid Limited,Forester
Subaru,Forester Hybrid Sport,Forester
Subaru,Forester Hybrid Touring,Forester
Subaru,Forester Limited,Forester
Subaru,Forester Premium,Forester
Subaru,Forester Sport,Forester
Subaru,Forester Touring,Forester
Subaru,Forester Wilderness,Forester
Subaru,Impreza Base,Impreza
Subaru,Impreza Sedan,Impreza
Subaru,Legacy,Legacy
Subaru,Legacy 3.6R Limited,Legacy
Subaru,Legacy Limited,Legacy
Subaru,Legacy Premium,Legacy
Subaru,Legacy Sport,Legacy
Subaru,Legacy Touring XT,Legacy
Subaru,Outback 2.5i,Outback
Subaru,Outback 2.5i Limited,Outback
Subaru,Outback 2.5i Premium,Outback
Subaru,Outback 3.6R Touring,Outback
Subaru,Outback Limited,Outback
Subaru,Outback Limited XT,Outback
Subaru,Outback Onyx Edition,Outback
Subaru,Outback Onyx Edition XT,Outback
Subaru,Outback Premium,Outback
Subaru,Outback Touring,Outback
Subaru,Outback Touring XT,Outback
Subaru,Outback Wilderness,Outback
Subaru,Solterra Limited,Solterra
Subaru,Solterra Premium,Solterra
Subaru,Solterra Touring,Solterra
Subaru,WRX Base,WRX
Subaru,WRX GT,WRX
Subaru,WRX LIMITED,WRX
Subaru,WRX Limited,WRX
Subaru,WRX Premium,WRX
Subaru,WRX STI Limited,WRX
Subaru,WRX STI Limited w/Wing,WRX
Subaru,WRX tS,WRX
Tesla,Model 3 Base,Model 3
Tesla,Model 3 Long Range,Model 3
Tesla,Model 3 Mid Range,Model 3
Tesla,Model 3 Performance,Model 3
Tesla,Model 3 Standard Range,Model 3
Tesla,Model 3 Standard Range Plus,Model 3
Tesla,Model X 75D,Model X
Tesla,Model Y Long Range,Model Y Long
Tesla,Model Y Long Range Dual Motor All-Wheel Drive,Model Y Long
Tesla,Model Y Performance,Model Y Long
Tesla,Model Y Performance AWD,Model Y Long
Tesla,Model Y Performance Dual Motor All-Wheel Drive,Model Y Long
Tesla,Model Y Standard Range,Model Y Long
Toyota,4Runner Hybrid Platinum,4Runner
Toyota,4Runner Hybrid TRD,4Runner
Toyota,4Runner Hybrid TRD Off Road,4Runner
Toyota,4Runner Limited,4Runner
Toyota,4Runner SR5,4Runner
Toyota,4Runner SR5 Premium,4Runner
Toyota,4Runner TRD OFF-ROAD,4Runner
Toyota,4Runner TRD Off Road,4Runner
Toyota,4Runner TRD Off Road Premium,4Runner
Toyota,4Runner TRD Pro,4Runner
Toyota,4Runner TRD Sport,4Runner
Toyota,4Runner TRD Sport Premium,4Runner
Toyota,Avalon Hybrid Limited,Avalon
Toyota,Avalon Hybrid XLE Premium,Avalon
Toyota,Avalon Limited,Avalon
Toyota,Avalon Touring,Avalon
Toyota,Avalon XLE,Avalon
Toyota,C-HR LE,C-HR
Toyota,C-HR Limited,C-HR
Toyota,Camry Hybrid SE,Camry
Toyota,Camry Hybrid XLE,Camry
Toyota,Camry LE,Camry
Toyota,Camry SE,Camry
Toyota,Camry TRD,Camry
Toyota,Camry TRD V6,Camry
Toyota,Camry XLE,Camry
Toyota,Camry XSE,Camry
Toyota,Corolla Cross Hybrid SE,Corolla
Toyota,Corolla Cross Hybrid XSE,Corolla
Toyota,Corolla Cross L,Corolla
Toyota,Corolla Cross LE,Corolla
Toyota,Corolla Cross XLE,Corolla
Toyota,Corolla FX,Corolla
Toyota,Corolla Hybrid L,Corolla
Toyota,Corolla Hybrid LE,Corolla
Toyota,Corolla Hybrid SE,Corolla
Toyota,Corolla Hybrid XLE,Corolla
Toyota,Corolla L,Corolla
Toyota,Corolla LE,Corolla
Toyota,Corolla Nightshade Edition,Corolla
Toyota,Corolla SE,Corolla
Toyota,Corolla XLE,Corolla
Toyota,Corolla XSE,Corolla
Toyota,Crown Limited,Crown
Toyota,Crown Nightshade Edition,Crown
Toyota,Crown Platinum,Crown
Toyota,Crown Signia LIMITED,Crown
Toyota,Crown Signia Limited,Crown
Toyota,Crown Signia XLE,Crown
Toyota,Crown Signia XLE XLE,Crown
Toyota,Crown XLE,Crown
Toyota,Grand Highlander Hybrid Limited,Grand Highlander
Toyota,Grand Highlander Hybrid Limited MAX,Grand Highlander
Toyota,Grand Highlander Hybrid MAX Platinum,Grand Highlander
Toyota,Grand Highlander LE,Grand Highlander
Toyota,Grand Highlander LIMITED,Grand Highlander
Toyota,Grand Highlander Limited,Grand Highlander
Toyota,Grand Highlander Platinum,Grand Highlander
Toyota,Grand Highlander XLE,Grand Highlander
Toyota,Highlander Hybrid Base,Highlander
Toyota,Highlander Hybrid LE,Highlander
Toyota,Highlander Hybrid Limited,Highlander
Toyota,Highlander Hybrid Platinum,Highlander
Toyota,Highlander Hybrid XLE,Highlander
Toyota,Highlander L,Highlander
Toyota,Highlander LE,Highlander
Toyota,Highlander LE I4,Highlander
Toyota,Highlander Limited,Highlander
Toyota,Highlander Platinum,Highlander
Toyota,Highlander XLE,Highlander
Toyota,Highlander XSE,Highlander
Toyota,Land Cruiser Base,Land Cruiser
Toyota,RAV4 Adventure,RAV4
Toyota,RAV4 Hybrid LE,RAV4
Toyota,RAV4 Hybrid Limited,RAV4
Toyota,RAV4 Hybrid SE,RAV4
Toyota,RAV4 Hybrid Woodland Edition,RAV4
Toyota,RAV4 Hybrid XLE,RAV4
Toyota,RAV4 Hybrid XLE Premium,RAV4
Toyota,RAV4 Hybrid XSE,RAV4
Toyota,RAV4 LE,RAV4
Toyota,RAV4 Limited,RAV4
Toyota,RAV4 Plug-In Hybrid SE,RAV4
Toyota,RAV4 Prime SE,RAV4
Toyota,RAV4 XLE,RAV4
Toyota,RAV4 XLE Premium,RAV4
Toyota,Sequoia Platinum,Sequoia
Toyota,Sequoia SR5,Sequoia
Toyota,Venza Limited,Venza
Toyota,Venza XLE,Venza
Toyota,Yaris Sedan LE,Yaris
Toyota,Yaris iA,Yaris
Toyota,Yaris iA Base (A6),Yaris
Toyota,bZ LIMITED,bZ
Toyota,bZ Limited,bZ
Toyota,bZ XLE,bZ
Toyota,bZ XLE PLUS,bZ
Toyota,bZ XLE Plus,bZ
Toyota,bZ XLE XLE,bZ
Toyota,bZ4X Limited,bZ
Toyota,bZ4X XLE,bZ
Vinfast,VF 8 Eco,VF
Volkswagen,Atlas 2.0T Peak Edition,Atlas
Volkswagen,Atlas 2.0T Peak Edition SE w/Technology,Atlas
Volkswagen,Atlas 2.0T Peak Edition SEL,Atlas
Volkswagen,Atlas 2.0T SE,Atlas
Volkswagen,Atlas 2.0T SE w/Technology,Atlas
Volkswagen,Atlas 2.0T SE w/Technology 4MOTION,Atlas
Volkswagen,Atlas 2.0T SEL,Atlas
Volkswagen,Atlas 2.0T SEL Premium R-Line 4MOTION,Atlas
Volkswagen,Atlas 3.6 V6 SEL R-Line Black,Atlas
Volkswagen,Atlas 3.6L S,Atlas
Volkswagen,Atlas 3.6L SE,Atlas
Volkswagen,Atlas 3.6L SE w/Technology,Atlas
Volkswagen,Atlas 3.6L SEL,Atlas
Volkswagen,Atlas 3.6L SEL Premium,Atlas
Volkswagen,Atlas Cross Sport 2.0T SE,Atlas
Volkswagen,Atlas Cross Sport 2.0T SE W/TECHNOLOGY,Atlas
Volkswagen,Atlas Cross Sport 2.0T SE w/Technology,Atlas
Volkswagen,Atlas Cross Sport 2.0T SE w/Technology 4MOTION,Atlas
Volkswagen,Atlas Cross Sport 2.0T SEL,Atlas
Volkswagen,Atlas Cross Sport 2.0T SEL Premium R-Line,Atlas
Volkswagen,Atlas Cross Sport 2.0T SEL R-Line,Atlas
Volkswagen,Atlas Cross Sport 3.6L V6 SE w/Technology,Atlas
Volkswagen,Atlas Cross Sport 3.6L V6 SE w/Technology R-Line,Atlas
Volkswagen,Atlas Cross Sport 3.6L V6 SEL,Atlas
Volkswagen,Atlas Cross Sport 3.6L V6 SEL 4MOTION,Atlas
Volkswagen,Atlas Cross Sport 3.6L V6 SEL Premium R-Line,Atlas
Volkswagen,Atlas Cross Sport SE w/Tech,Atlas
Volkswagen,Atlas SE,Atlas
Volkswagen,Atlas SE w/Tech,Atlas
Volkswagen,Atlas SEL Premium,Atlas
Volkswagen,Atlas SEL R-Line,Atlas
Volkswagen,ID.4 AWD Pro S,ID.4
Volkswagen,ID.4 Pro,ID.4
Volkswagen,ID.4 Pro S,ID.4
Volkswagen,Jetta 1.4T S,Jetta
Volkswagen,Jetta 1.4T SE,Jetta
Volkswagen,Jetta 1.4T SEL,Jetta
Volkswagen,Jetta 1.4T Wolfsburg Edition,Jetta
Volkswagen,Jetta 1.5T S,Jetta
Volkswagen,Jetta 1.5T SE,Jetta
Volkswagen,Jetta 1.5T SEL,Jetta
Volkswagen,Jetta 1.5T SPORT,Jetta
Volkswagen,Jetta 1.5T Sport,Jetta
Volkswagen,Jetta GLI 2.0T 35th Anniversary Edition,Jetta
Volkswagen,Jetta GLI 2.0T Autobahn,Jetta
Volkswagen,Jetta GLI Autobahn,Jetta
Volkswagen,Jetta S,Jetta
Volkswagen,Jetta SE,Jetta
Volkswagen,Jetta Sport,Jetta
Volkswagen,Passat 2.0T Limited Edition,Passat
Volkswagen,Passat 2.0T R-Line,Passat
Volkswagen,Passat 2.0T S,Passat
Volkswagen,Passat 2.0T SE,Passat
Volkswagen,Passat SEL,Passat
Volkswagen,Passat SEL Premium,Passat
Volkswagen,Taos 1.5T S,Taos
Volkswagen,Taos 1.5T SE,Taos
Volkswagen,Taos 1.5T SE Black,Taos
Volkswagen,Taos 1.5T SEL,Taos
Volkswagen,Taos S,Taos
Volkswagen,Taos SE,Taos
Volkswagen,Taos SEL,Taos
Volkswagen,Tiguan 2.0T S,Tiguan
Volkswagen,Tiguan 2.0T S 4MOTION,Tiguan
Volkswagen,Tiguan 2.0T SE,Tiguan
Volkswagen,Tiguan 2.0T SE 4MOTION,Tiguan
Volkswagen,Tiguan 2.0T SE R-Line Black,Tiguan
Volkswagen,Tiguan 2.0T SE R-Line Black 4MOTION,Tiguan
Volkswagen,Tiguan 2.0T SEL,Tiguan
Volkswagen,Tiguan 2.0T SEL Premium,Tiguan
Volkswagen,Tiguan 2.0T SEL Premium R-Line,Tiguan
Volkswagen,Tiguan 2.0T SEL R-Line,Tiguan
Volkswagen,Tiguan 2.0T SEL R-Line 4MOTION,Tiguan
Volkswagen,Tiguan 2.0T Wolfsburg Edition,Tiguan
Volkswagen,Tiguan Limited,Tiguan
Volkswagen,Tiguan S,Tiguan
Volkswagen,Tiguan SE,Tiguan
Volkswagen,Tiguan SE R-Line Black,Tiguan
Volkswagen,Tiguan SEL,Tiguan
Volkswagen,Tiguan SEL R-Line,Tiguan
Volkswagen,Tiguan Wolfsburg Edition,Tiguan
Volvo,C40 Recharge Pure Electric Plus,C40
Volvo,C40 Recharge Pure Electric Twin Core,C40
Volvo,C40 Recharge Pure Electric Twin Plus,C40
Volvo,C40 Recharge Pure Electric Twin Ultimate,C40
Volvo,"EX30 Cross Country Ultra, Twin Motor Performance, Fully electric",EX30
Volvo,"EX30 Plus Twin Motor Performance, Fully electric",EX30
Volvo,EX30 Twin Motor Ultra,EX30
Volvo,"EX30 Ultra Twin Motor Performance, Fully electric",EX30
Volvo,EX40 Single Motor Extended Range Plus,EX40
Volvo,S60 B5 Core Dark Theme,S60
Volvo,S60 B5 Inscription,S60
Volvo,S60 B5 Plus Dark Theme,S60
Volvo,S60 B5 Plus Dark Theme 4dr Sedan,S60
Volvo,S60 Inscription T5,S60
Volvo,S60 Inscription T5 Drive-E Premier,S60
Volvo,S60 Recharge Plug-In Hybrid T8 Plus Dark Theme,S60
Volvo,S60 T5 Dynamic,S60
Volvo,S60 T5 Inscription,S60
Volvo,S60 T5 Momentum,S60
Volvo,S60 T6 Inscription,S60
Volvo,S60 T6 Momentum,S60
Volvo,S60 T6 R-Design,S60
Volvo,S90 B6 Ultra,S90
Volvo,S90 T5 Momentum,S90
Volvo,S90 T6 Inscription,S90
Volvo,XC40 B4 Plus,XC40
Volvo,XC40 B4 Plus Bright Theme,XC40
Volvo,XC40 B5 Core,XC40
Volvo,XC40 B5 Core Bright Theme,XC40
Volvo,XC40 B5 Core Dark Theme,XC40
Volvo,XC40 B5 Plus,XC40
Volvo,XC40 B5 Plus Bright Theme,XC40
Volvo,XC40 B5 Plus Dark Theme,XC40
Volvo,XC40 B5 Ultimate Bright Theme,XC40
Volvo,XC40 B5 Ultimate Dark Theme,XC40
Volvo,XC40 B5 Ultra,XC40
Volvo,XC40 B5 Ultra Bright Theme,XC40
Volvo,XC40 T4 Inscription,XC40
Volvo,XC40 T4 Momentum,XC40
Volvo,XC40 T4 R-Design,XC40
Volvo,XC40 T5 Momentum,XC40
Volvo,XC40 T5 R-Design,XC40
Volvo,XC60 B5 Core,XC60
Volvo,XC60 B5 Inscription,XC60
Volvo,XC60 B5 Momentum,XC60
Volvo,XC60 B5 Plus,XC60
Volvo,XC60 B5 Plus Bright Theme,XC60
Volvo,XC60 B5 Plus Dark Theme,XC60
Volvo,XC60 B5 Ultimate Bright Theme,XC60
Volvo,XC60 B5 Ultimate Dark Theme,XC60
Volvo,XC60 B5 Ultra,XC60
Volvo,"XC60 Plug-In Hybrid Core, T8 AWD Electric/Gasoline, Dark",XC60
Volvo,XC60 Plug-In Hybrid T8 Core,XC60
Volvo,XC60 Plug-In Hybrid T8 Plus,XC60
Volvo,XC60 Plug-In Hybrid T8 Ultra,XC60
Volvo,XC60 Recharge Plug-In Hybrid T8 Core Dark Theme,XC60
Volvo,XC60 Recharge Plug-In Hybrid T8 Inscription,XC60
Volvo,XC60 Recharge Plug-In Hybrid T8 Plus Dark Theme,XC60
Volvo,XC60 Recharge Plug-In Hybrid T8 Ultimate Bright Theme,XC60
Volvo,XC60 T5 Inscription,XC60
Volvo,XC60 T5 Momentum,XC60
Volvo,XC60 T6 Dynamic,XC60
Volvo,XC90 B5 Core,XC90
Volvo,XC90 B5 Core Bright Theme,XC90
Volvo,XC90 B5 Ultra,XC90
Volvo,XC90 B6 Plus 7-Seater,XC90
Volvo,XC90 B6 Plus Bright Theme,XC90
Volvo,XC90 B6 Plus Bright Theme 7-Seater,XC90
Volvo,XC90 B6 Ultimate,XC90
Volvo,XC90 B6 Ultimate 7-Seater,XC90
Volvo,XC90 B6 Ultimate Bright Theme 7-Seater,XC90
Volvo,XC90 Hybrid T8 R-Design,XC90
Volvo,XC90 Hybrid T8 R-Design 7 Passenger,XC90
Volvo,XC90 Plug-In Hybrid T8 Plus 7-Seater,XC90
Volvo,XC90 Plug-In Hybrid T8 Ultra 7-Seater,XC90
Volvo,"XC90 Plus, B6 AWD Gas (mild hybrid), Gasoline, Bright, 6 Seats",XC90
Volvo,"XC90 Plus, B6 AWD Gas (mild hybrid), Gasoline, Bright, 7 Seats",XC90
Volvo,XC90 Recharge Plug-In Hybrid T8 Inscription,XC90
Volvo,XC90 Recharge Plug-In Hybrid T8 Inscription 6 Passenger,XC90
Volvo,XC90 Recharge Plug-In Hybrid T8 Inscription Expression 7 Passenger,XC90
Volvo,XC90 Recharge Plug-In Hybrid T8 Ultimate Bright Theme 7-Seater,XC90
Volvo,XC90 Recharge Plug-In Hybrid T8 Ultimate Dark Theme 7-Seater,XC90
Volvo,XC90 T5 Momentum,XC90
Volvo,XC90 T6 Inscription,XC90
Volvo,XC90 T6 Momentum,XC90
Volvo,XC90 T6 Momentum 7 Passenger,XC90
Volvo,XC90 T6 R-Design,XC90
Volvo,"XC90 Ultra Dark Theme, B6 AWD Gas (mild hybrid), Gasoline, 7 Seats",XC90
